,precision,recall,f1-score,support
0,0.5176046176046176,0.4800000000000001,0.4930958188698126,10.0
1,0.5302988677988678,0.57,0.544985487434,10.0
accuracy,0.525,0.525,0.525,0.525
macro avg,0.5239517427017427,0.525,0.5190406531519063,20.0
weighted avg,0.5239517427017427,0.525,0.5190406531519063,20.0
